area;station;dateTime;avgTemp
Moss;SN17150;01.09.2024;14,1
Moss;SN17150;02.09.2024;12
Moss;SN17150;03.09.2024;16
Moss;SN17150;04.09.2024;17,8
Moss;SN17150;05.09.2024;20,3
Moss;SN17150;06.09.2024;19,2
Moss;SN17150;07.09.2024;18,8
Moss;SN17150;08.09.2024;19,1
Moss;SN17150;09.09.2024;17
Moss;SN17150;10.09.2024;14
Moss;SN17150;11.09.2024;12,5
Moss;SN17150;12.09.2024;11,9
Moss;SN17150;13.09.2024;9,4
Moss;SN17150;14.09.2024;9,4
Moss;SN17150;15.09.2024;11,5
Moss;SN17150;16.09.2024;13,5
Moss;SN17150;17.09.2024;12,4
Moss;SN17150;18.09.2024;13,6
Moss;SN17150;19.09.2024;13,1
Moss;SN17150;20.09.2024;12,9
Moss;SN17150;21.09.2024;12,8
Moss;SN17150;22.09.2024;13,4
Moss;SN17150;23.09.2024;13,7
Moss;SN17150;24.09.2024;14,1
Moss;SN17150;25.09.2024;13,4
Moss;SN17150;26.09.2024;9,1
Moss;SN17150;27.09.2024;8,1
Moss;SN17150;28.09.2024;8,3
Moss;SN17150;29.09.2024;8,2
Moss;SN17150;30.09.2024;9
Moss;SN17150;01.10.2024;8,6
Moss;SN17150;02.10.2024;9
Moss;SN17150;03.10.2024;8,5
Moss;SN17150;04.10.2024;7,4
Moss;SN17150;05.10.2024;9,7
Moss;SN17150;06.10.2024;11,5
Moss;SN17150;07.10.2024;9,1
Moss;SN17150;08.10.2024;10,7
Moss;SN17150;09.10.2024;12,3
Moss;SN17150;10.10.2024;9,9
Moss;SN17150;11.10.2024;7
Moss;SN17150;12.10.2024;6,2
Moss;SN17150;13.10.2024;7,8
Moss;SN17150;14.10.2024;4,9
Moss;SN17150;15.10.2024;6,5
Moss;SN17150;16.10.2024;7,6
Moss;SN17150;17.10.2024;9,1
Moss;SN17150;18.10.2024;10,2
Moss;SN17150;19.10.2024;11,8
Moss;SN17150;20.10.2024;12,1
Moss;SN17150;21.10.2024;12,4
Moss;SN17150;22.10.2024;11
Moss;SN17150;23.10.2024;10,1
Moss;SN17150;24.10.2024;11,4
Moss;SN17150;25.10.2024;9,9
Moss;SN17150;26.10.2024;9,1
Moss;SN17150;27.10.2024;10,3
Moss;SN17150;28.10.2024;7,7
Moss;SN17150;29.10.2024;6,3
Moss;SN17150;30.10.2024;8,9
Moss;SN17150;31.10.2024;11,6
Moss;SN17150;01.11.2024;9,8
Moss;SN17150;02.11.2024;4,3
Moss;SN17150;03.11.2024;10,4
Moss;SN17150;04.11.2024;6,8
Moss;SN17150;05.11.2024;6,4
Moss;SN17150;06.11.2024;5
Moss;SN17150;07.11.2024;2,7
Moss;SN17150;08.11.2024;7
Moss;SN17150;09.11.2024;6,4
Moss;SN17150;10.11.2024;3,6
Moss;SN17150;11.11.2024;3,7
Moss;SN17150;12.11.2024;2
Moss;SN17150;13.11.2024;4,4
Moss;SN17150;14.11.2024;1,8
Moss;SN17150;15.11.2024;6,7
Moss;SN17150;16.11.2024;7,1
Moss;SN17150;17.11.2024;4,9
Moss;SN17150;18.11.2024;-0,5
Moss;SN17150;19.11.2024;-1,3
Moss;SN17150;20.11.2024;-1,3
Moss;SN17150;21.11.2024;-3
Moss;SN17150;22.11.2024;-3,3
Moss;SN17150;23.11.2024;-1,2
Moss;SN17150;24.11.2024;3,7
Moss;SN17150;25.11.2024;9
Moss;SN17150;26.11.2024;7,6
Moss;SN17150;27.11.2024;2,8
Moss;SN17150;28.11.2024;-1,2
Moss;SN17150;29.11.2024;2,6
Moss;SN17150;30.11.2024;7,9
Moss;SN17150;01.12.2024;8,6
Moss;SN17150;02.12.2024;6,7
Moss;SN17150;03.12.2024;-1,5
Moss;SN17150;04.12.2024;-5,2
Moss;SN17150;05.12.2024;-0,1
Moss;SN17150;06.12.2024;1,3
Moss;SN17150;07.12.2024;1,8
Moss;SN17150;08.12.2024;0,7
Moss;SN17150;09.12.2024;-1,5
Moss;SN17150;10.12.2024;-5,3
Moss;SN17150;11.12.2024;-5,2
Moss;SN17150;12.12.2024;-4,8
Moss;SN17150;13.12.2024;1,5
Moss;SN17150;14.12.2024;3,6
Moss;SN17150;15.12.2024;2,9
Moss;SN17150;16.12.2024;5,6
Moss;SN17150;17.12.2024;3,5
Moss;SN17150;18.12.2024;6,2
Moss;SN17150;19.12.2024;4,7
Moss;SN17150;20.12.2024;2,4
Moss;SN17150;21.12.2024;2,7
Moss;SN17150;22.12.2024;3,7
Moss;SN17150;23.12.2024;1
Moss;SN17150;24.12.2024;2,4
Moss;SN17150;25.12.2024;6,3
Moss;SN17150;26.12.2024;6,3
Moss;SN17150;27.12.2024;4
Moss;SN17150;28.12.2024;4,8
Moss;SN17150;29.12.2024;6,6
Moss;SN17150;30.12.2024;1,9
Moss;SN17150;31.12.2024;-1
Moss;SN17150;01.01.2025;-4,7
Moss;SN17150;02.01.2025;-5,1
Moss;SN17150;03.01.2025;-5,9
Moss;SN17150;04.01.2025;-12,6
Moss;SN17150;05.01.2025;-12,1
Moss;SN17150;06.01.2025;-3,3
Moss;SN17150;07.01.2025;1,1
Moss;SN17150;08.01.2025;-2,8
Moss;SN17150;09.01.2025;-2,5
Moss;SN17150;10.01.2025;-3,3
Moss;SN17150;11.01.2025;-2,8
Moss;SN17150;12.01.2025;-9,1
Moss;SN17150;13.01.2025;1,9
Moss;SN17150;14.01.2025;3,8
Moss;SN17150;15.01.2025;1,9
Moss;SN17150;16.01.2025;4,5
Moss;SN17150;17.01.2025;5,5
Moss;SN17150;18.01.2025;3,8
Moss;SN17150;19.01.2025;2,1
Moss;SN17150;20.01.2025;1
Moss;SN17150;21.01.2025;-1,1
Moss;SN17150;22.01.2025;-1,8
Moss;SN17150;23.01.2025;-2
Moss;SN17150;24.01.2025;0,5
Moss;SN17150;25.01.2025;5,4
Moss;SN17150;26.01.2025;2,9
Moss;SN17150;27.01.2025;0,9
Moss;SN17150;28.01.2025;3,7
Moss;SN17150;29.01.2025;2,8
Moss;SN17150;30.01.2025;0,9
Moss;SN17150;31.01.2025;-1,4
Moss;SN17150;01.02.2025;-3,3
Moss;SN17150;02.02.2025;-3,4
Moss;SN17150;03.02.2025;0
Moss;SN17150;04.02.2025;4,3
Moss;SN17150;05.02.2025;4,9
Moss;SN17150;06.02.2025;-0,5
Moss;SN17150;07.02.2025;-1,3
Moss;SN17150;08.02.2025;-0,6
Moss;SN17150;09.02.2025;-3,9
Moss;SN17150;10.02.2025;-3,1
Moss;SN17150;11.02.2025;-2,2
Moss;SN17150;12.02.2025;-4,6
Moss;SN17150;13.02.2025;-2,6
Moss;SN17150;14.02.2025;-5,7
Moss;SN17150;15.02.2025;-4,9
Moss;SN17150;16.02.2025;-8,9
Moss;SN17150;17.02.2025;-6
Moss;SN17150;18.02.2025;-5,2
Moss;SN17150;19.02.2025;-6,4
Moss;SN17150;20.02.2025;-0,7
Moss;SN17150;21.02.2025;2,3
Moss;SN17150;22.02.2025;4
Moss;SN17150;23.02.2025;2,7
Moss;SN17150;24.02.2025;4,7
Moss;SN17150;25.02.2025;3,4
Moss;SN17150;26.02.2025;3
Moss;SN17150;27.02.2025;0,8
Moss;SN17150;28.02.2025;-1,4
Moss;SN17150;01.03.2025;1,2
Moss;SN17150;02.03.2025;4,7
Moss;SN17150;03.03.2025;6,3
Moss;SN17150;04.03.2025;6,6
Moss;SN17150;05.03.2025;7,1
Moss;SN17150;06.03.2025;7,4
Moss;SN17150;07.03.2025;5,1
Moss;SN17150;08.03.2025;4,1
Moss;SN17150;09.03.2025;3
Moss;SN17150;10.03.2025;2,1
Moss;SN17150;11.03.2025;-0,4
Moss;SN17150;12.03.2025;-1,5
Moss;SN17150;13.03.2025;-2,5
Moss;SN17150;14.03.2025;-1,7
Moss;SN17150;15.03.2025;1,9
Moss;SN17150;16.03.2025;2,8
Moss;SN17150;17.03.2025;1,7
Moss;SN17150;18.03.2025;3,1
Moss;SN17150;19.03.2025;4,2
Moss;SN17150;20.03.2025;2,7
Moss;SN17150;21.03.2025;4,3
Moss;SN17150;22.03.2025;4,5
Moss;SN17150;23.03.2025;4,3
Moss;SN17150;24.03.2025;2,7
Moss;SN17150;25.03.2025;7,1
Moss;SN17150;26.03.2025;6,2
Moss;SN17150;27.03.2025;6,6
Moss;SN17150;28.03.2025;5,8
Moss;SN17150;29.03.2025;6,5
Moss;SN17150;30.03.2025;4,2
Moss;SN17150;31.03.2025;6
Moss;SN17150;01.04.2025;5,4
Moss;SN17150;02.04.2025;5,9
Moss;SN17150;03.04.2025;7,2
Moss;SN17150;04.04.2025;6,7
Moss;SN17150;05.04.2025;5,6
Moss;SN17150;06.04.2025;5,2
Moss;SN17150;07.04.2025;7,6
Moss;SN17150;08.04.2025;6,2
Moss;SN17150;09.04.2025;6,5
Moss;SN17150;10.04.2025;7
Moss;SN17150;11.04.2025;12
Moss;SN17150;12.04.2025;11,9
Moss;SN17150;13.04.2025;9,3
Moss;SN17150;14.04.2025;8,6
Moss;SN17150;15.04.2025;10,2
Moss;SN17150;16.04.2025;10,4
Moss;SN17150;17.04.2025;11,4
Moss;SN17150;18.04.2025;11
Moss;SN17150;19.04.2025;8,7
Moss;SN17150;20.04.2025;6,7
Moss;SN17150;21.04.2025;7,2
Moss;SN17150;22.04.2025;6,4
Moss;SN17150;23.04.2025;8,6
Moss;SN17150;24.04.2025;7,7
Moss;SN17150;25.04.2025;6
Moss;SN17150;26.04.2025;6,4
Moss;SN17150;27.04.2025;9,1
Moss;SN17150;28.04.2025;11,5
Moss;SN17150;29.04.2025;12,5
Moss;SN17150;30.04.2025;12,1
Moss;SN17150;01.05.2025;10,3
Moss;SN17150;02.05.2025;12,3
Moss;SN17150;03.05.2025;9,7
Moss;SN17150;04.05.2025;7,3
Moss;SN17150;05.05.2025;8,4
Moss;SN17150;06.05.2025;10,5
Moss;SN17150;07.05.2025;9,1
Moss;SN17150;08.05.2025;10
Moss;SN17150;09.05.2025;12,2
Moss;SN17150;10.05.2025;12,6
Moss;SN17150;11.05.2025;11,8
Moss;SN17150;12.05.2025;12,7
Moss;SN17150;13.05.2025;15,8
Moss;SN17150;14.05.2025;10,6
Moss;SN17150;15.05.2025;13,6
Moss;SN17150;16.05.2025;14,4
Moss;SN17150;17.05.2025;13,8
Moss;SN17150;18.05.2025;15,1
Moss;SN17150;19.05.2025;15,6
Moss;SN17150;20.05.2025;17,3
Moss;SN17150;21.05.2025;10,2
Moss;SN17150;22.05.2025;8,3
Moss;SN17150;23.05.2025;7,3
Moss;SN17150;24.05.2025;9,5
Moss;SN17150;25.05.2025;9,7
Moss;SN17150;26.05.2025;11,6
Moss;SN17150;27.05.2025;10,4
Moss;SN17150;28.05.2025;11,2
Moss;SN17150;29.05.2025;12
Moss;SN17150;30.05.2025;14,7
Moss;SN17150;31.05.2025;12,5
Moss;SN17150;01.06.2025;11,8
Moss;SN17150;03.06.2025;12,2
Moss;SN17150;04.06.2025;12,7
Moss;SN17150;05.06.2025;12,4
Moss;SN17150;06.06.2025;12,3
Moss;SN17150;07.06.2025;12,4
Moss;SN17150;08.06.2025;12,9
Moss;SN17150;09.06.2025;13,4
Moss;SN17150;10.06.2025;11,2
Moss;SN17150;11.06.2025;13,2
Moss;SN17150;12.06.2025;14
Moss;SN17150;13.06.2025;15,2
Moss;SN17150;14.06.2025;16,5
Moss;SN17150;15.06.2025;14,9
Moss;SN17150;17.06.2025;16
Moss;SN17150;18.06.2025;16,5
Moss;SN17150;19.06.2025;15,9
Moss;SN17150;20.06.2025;15,7
Moss;SN17150;21.06.2025;17,5
Moss;SN17150;22.06.2025;16,6
Moss;SN17150;23.06.2025;15,1
Moss;SN17150;24.06.2025;16,1
Moss;SN17150;25.06.2025;16,8
Moss;SN17150;26.06.2025;15
Moss;SN17150;27.06.2025;18,5
Moss;SN17150;28.06.2025;17,6
Moss;SN17150;29.06.2025;18,3
Moss;SN17150;30.06.2025;16,9
Moss;SN17150;01.07.2025;17,3
Moss;SN17150;02.07.2025;17,5
Moss;SN17150;03.07.2025;15,5
Moss;SN17150;04.07.2025;14,6
Moss;SN17150;05.07.2025;14,8
Moss;SN17150;06.07.2025;16,5
Moss;SN17150;07.07.2025;15,2
Moss;SN17150;08.07.2025;16,9
Moss;SN17150;09.07.2025;16,9
Moss;SN17150;10.07.2025;17,5
Moss;SN17150;11.07.2025;20,8
Moss;SN17150;12.07.2025;22,1
Moss;SN17150;13.07.2025;21,1
Moss;SN17150;14.07.2025;20,2
Moss;SN17150;15.07.2025;21,1
Moss;SN17150;16.07.2025;21
Moss;SN17150;17.07.2025;23,4
Moss;SN17150;18.07.2025;23,7
Moss;SN17150;19.07.2025;23,6
Moss;SN17150;20.07.2025;24,3
Moss;SN17150;21.07.2025;23,3
Moss;SN17150;22.07.2025;23,4
Moss;SN17150;23.07.2025;22,6
Moss;SN17150;24.07.2025;24
Moss;SN17150;25.07.2025;21,9
Moss;SN17150;26.07.2025;21
Moss;SN17150;27.07.2025;19
Moss;SN17150;28.07.2025;19,1
Moss;SN17150;29.07.2025;16,7
Moss;SN17150;30.07.2025;17,9
Moss;SN17150;31.07.2025;17,7
Moss;SN17150;01.08.2025;18,8
Moss;SN17150;02.08.2025;17
Moss;SN17150;03.08.2025;18
Moss;SN17150;04.08.2025;16,8
Moss;SN17150;05.08.2025;16
Moss;SN17150;06.08.2025;17
Moss;SN17150;07.08.2025;15,7
Moss;SN17150;08.08.2025;17,2
Moss;SN17150;09.08.2025;16,1
Moss;SN17150;10.08.2025;17,2
Moss;SN17150;11.08.2025;15,6
Moss;SN17150;12.08.2025;16,4
Moss;SN17150;13.08.2025;18,2
Moss;SN17150;14.08.2025;18,2
Moss;SN17150;15.08.2025;18,4
Moss;SN17150;16.08.2025;15,8
Moss;SN17150;17.08.2025;17,3
Moss;SN17150;18.08.2025;17,3
Moss;SN17150;19.08.2025;16,3
Moss;SN17150;20.08.2025;13,1
Moss;SN17150;21.08.2025;13,3
Moss;SN17150;22.08.2025;13,1
Moss;SN17150;23.08.2025;13,6
Moss;SN17150;24.08.2025;14,4
Moss;SN17150;25.08.2025;13,6
Moss;SN17150;26.08.2025;14,2
Moss;SN17150;27.08.2025;14,7
Moss;SN17150;28.08.2025;15,4
Moss;SN17150;29.08.2025;14,6
Moss;SN17150;30.08.2025;16,2
Moss;SN17150;31.08.2025;16,2
Moss;SN17150;01.09.2025;17,7
Oslo;SN18700;01.09.2024;15,1
Oslo;SN18700;02.09.2024;12,8
Oslo;SN18700;03.09.2024;14,6
Oslo;SN18700;04.09.2024;17
Oslo;SN18700;05.09.2024;21,2
Oslo;SN18700;06.09.2024;20,1
Oslo;SN18700;07.09.2024;19,1
Oslo;SN18700;08.09.2024;18,8
Oslo;SN18700;09.09.2024;17,3
Oslo;SN18700;10.09.2024;14,2
Oslo;SN18700;11.09.2024;11,7
Oslo;SN18700;12.09.2024;11,9
Oslo;SN18700;13.09.2024;10,3
Oslo;SN18700;14.09.2024;9,4
Oslo;SN18700;15.09.2024;11,7
Oslo;SN18700;16.09.2024;12,9
Oslo;SN18700;17.09.2024;13,4
Oslo;SN18700;18.09.2024;14,6
Oslo;SN18700;19.09.2024;14,1
Oslo;SN18700;20.09.2024;11,4
Oslo;SN18700;21.09.2024;13,2
Oslo;SN18700;22.09.2024;13,2
Oslo;SN18700;23.09.2024;13,3
Oslo;SN18700;24.09.2024;13,8
Oslo;SN18700;25.09.2024;12,3
Oslo;SN18700;26.09.2024;8,8
Oslo;SN18700;27.09.2024;8,3
Oslo;SN18700;28.09.2024;7,6
Oslo;SN18700;29.09.2024;5,9
Oslo;SN18700;30.09.2024;8,3
Oslo;SN18700;01.10.2024;9,1
Oslo;SN18700;02.10.2024;8,7
Oslo;SN18700;03.10.2024;8,6
Oslo;SN18700;04.10.2024;7,3
Oslo;SN18700;05.10.2024;9,1
Oslo;SN18700;06.10.2024;10,4
Oslo;SN18700;07.10.2024;9
Oslo;SN18700;08.10.2024;10,6
Oslo;SN18700;09.10.2024;11,7
Oslo;SN18700;10.10.2024;9
Oslo;SN18700;11.10.2024;5,3
Oslo;SN18700;12.10.2024;4
Oslo;SN18700;13.10.2024;7,3
Oslo;SN18700;14.10.2024;4,9
Oslo;SN18700;15.10.2024;3,2
Oslo;SN18700;16.10.2024;6,7
Oslo;SN18700;17.10.2024;8,3
Oslo;SN18700;18.10.2024;9,9
Oslo;SN18700;19.10.2024;11,4
Oslo;SN18700;20.10.2024;11,5
Oslo;SN18700;21.10.2024;12,2
Oslo;SN18700;22.10.2024;8,9
Oslo;SN18700;23.10.2024;8,1
Oslo;SN18700;24.10.2024;10,1
Oslo;SN18700;25.10.2024;8,4
Oslo;SN18700;26.10.2024;7,8
Oslo;SN18700;27.10.2024;8,6
Oslo;SN18700;28.10.2024;6,6
Oslo;SN18700;29.10.2024;4,8
Oslo;SN18700;30.10.2024;6,5
Oslo;SN18700;31.10.2024;9,2
Oslo;SN18700;01.11.2024;7,8
Oslo;SN18700;02.11.2024;2,5
Oslo;SN18700;03.11.2024;8,2
Oslo;SN18700;04.11.2024;6,3
Oslo;SN18700;05.11.2024;4,3
Oslo;SN18700;06.11.2024;3,1
Oslo;SN18700;07.11.2024;2,2
Oslo;SN18700;08.11.2024;4,7
Oslo;SN18700;09.11.2024;5,4
Oslo;SN18700;10.11.2024;2,8
Oslo;SN18700;11.11.2024;2,4
Oslo;SN18700;12.11.2024;2,3
Oslo;SN18700;13.11.2024;2,5
Oslo;SN18700;14.11.2024;0,8
Oslo;SN18700;15.11.2024;4,6
Oslo;SN18700;16.11.2024;6,6
Oslo;SN18700;17.11.2024;3,3
Oslo;SN18700;18.11.2024;-0,1
Oslo;SN18700;19.11.2024;0,4
Oslo;SN18700;20.11.2024;-1
Oslo;SN18700;21.11.2024;-3,6
Oslo;SN18700;22.11.2024;-6,3
Oslo;SN18700;23.11.2024;-3,9
Oslo;SN18700;24.11.2024;0,9
Oslo;SN18700;25.11.2024;6,2
Oslo;SN18700;26.11.2024;6,3
Oslo;SN18700;27.11.2024;2,8
Oslo;SN18700;28.11.2024;-1,5
Oslo;SN18700;29.11.2024;-1,7
Oslo;SN18700;30.11.2024;6,1
Oslo;SN18700;01.12.2024;8
Oslo;SN18700;02.12.2024;6
Oslo;SN18700;03.12.2024;-1,7
Oslo;SN18700;04.12.2024;-4,6
Oslo;SN18700;05.12.2024;-0,3
Oslo;SN18700;06.12.2024;1,4
Oslo;SN18700;07.12.2024;1,7
Oslo;SN18700;08.12.2024;1,1
Oslo;SN18700;09.12.2024;-1,8
Oslo;SN18700;10.12.2024;-5,4
Oslo;SN18700;11.12.2024;-3,7
Oslo;SN18700;12.12.2024;-3,9
Oslo;SN18700;13.12.2024;-1
Oslo;SN18700;14.12.2024;1,9
Oslo;SN18700;15.12.2024;-0,1
Oslo;SN18700;16.12.2024;4,2
Oslo;SN18700;17.12.2024;1,3
Oslo;SN18700;18.12.2024;5,2
Oslo;SN18700;19.12.2024;3,4
Oslo;SN18700;20.12.2024;1,2
Oslo;SN18700;21.12.2024;0,4
Oslo;SN18700;22.12.2024;2,3
Oslo;SN18700;23.12.2024;1,2
Oslo;SN18700;24.12.2024;0,4
Oslo;SN18700;25.12.2024;4,7
Oslo;SN18700;26.12.2024;4,7
Oslo;SN18700;27.12.2024;2,5
Oslo;SN18700;28.12.2024;2,1
Oslo;SN18700;29.12.2024;3,6
Oslo;SN18700;30.12.2024;0,3
Oslo;SN18700;31.12.2024;-2,4
Oslo;SN18700;01.01.2025;-4,7
Oslo;SN18700;02.01.2025;-7
Oslo;SN18700;03.01.2025;-6,3
Oslo;SN18700;04.01.2025;-11
Oslo;SN18700;05.01.2025;-10,4
Oslo;SN18700;06.01.2025;-4
Oslo;SN18700;07.01.2025;0,3
Oslo;SN18700;08.01.2025;-2,6
Oslo;SN18700;09.01.2025;-1,4
Oslo;SN18700;10.01.2025;-2,9
Oslo;SN18700;11.01.2025;-2,3
Oslo;SN18700;12.01.2025;-8,1
Oslo;SN18700;13.01.2025;-2,7
Oslo;SN18700;14.01.2025;1,2
Oslo;SN18700;15.01.2025;0,2
Oslo;SN18700;16.01.2025;2
Oslo;SN18700;17.01.2025;2,1
Oslo;SN18700;18.01.2025;2,5
Oslo;SN18700;19.01.2025;1,7
Oslo;SN18700;20.01.2025;-0,1
Oslo;SN18700;21.01.2025;-1,6
Oslo;SN18700;22.01.2025;-2,7
Oslo;SN18700;23.01.2025;-1,7
Oslo;SN18700;24.01.2025;-0,8
Oslo;SN18700;25.01.2025;4,7
Oslo;SN18700;26.01.2025;1,7
Oslo;SN18700;27.01.2025;1
Oslo;SN18700;28.01.2025;2
Oslo;SN18700;29.01.2025;3
Oslo;SN18700;30.01.2025;0,2
Oslo;SN18700;31.01.2025;-2,6
Oslo;SN18700;01.02.2025;-4,4
Oslo;SN18700;02.02.2025;-3,9
Oslo;SN18700;03.02.2025;-1,8
Oslo;SN18700;04.02.2025;3,5
Oslo;SN18700;05.02.2025;4,7
Oslo;SN18700;06.02.2025;-0,1
Oslo;SN18700;07.02.2025;-0,7
Oslo;SN18700;08.02.2025;-0,8
Oslo;SN18700;09.02.2025;-4,6
Oslo;SN18700;10.02.2025;-3,5
Oslo;SN18700;11.02.2025;-2,6
Oslo;SN18700;12.02.2025;-4,3
Oslo;SN18700;13.02.2025;-1,3
Oslo;SN18700;14.02.2025;-4,4
Oslo;SN18700;15.02.2025;-4,8
Oslo;SN18700;16.02.2025;-7,4
Oslo;SN18700;17.02.2025;-3,8
Oslo;SN18700;18.02.2025;-3,6
Oslo;SN18700;19.02.2025;-5,7
Oslo;SN18700;20.02.2025;-1,3
Oslo;SN18700;21.02.2025;1,6
Oslo;SN18700;22.02.2025;3,2
Oslo;SN18700;23.02.2025;2,3
Oslo;SN18700;24.02.2025;4,5
Oslo;SN18700;25.02.2025;3,2
Oslo;SN18700;26.02.2025;2,5
Oslo;SN18700;27.02.2025;1,7
Oslo;SN18700;28.02.2025;-1,1
Oslo;SN18700;01.03.2025;-1,3
Oslo;SN18700;02.03.2025;3,8
Oslo;SN18700;03.03.2025;6
Oslo;SN18700;04.03.2025;6,2
Oslo;SN18700;05.03.2025;7,5
Oslo;SN18700;06.03.2025;10,2
Oslo;SN18700;07.03.2025;4,8
Oslo;SN18700;08.03.2025;3,1
Oslo;SN18700;09.03.2025;2,6
Oslo;SN18700;10.03.2025;2,2
Oslo;SN18700;11.03.2025;-0,1
Oslo;SN18700;12.03.2025;-1,4
Oslo;SN18700;13.03.2025;-1,7
Oslo;SN18700;14.03.2025;-0,8
Oslo;SN18700;15.03.2025;1,3
Oslo;SN18700;16.03.2025;3,2
Oslo;SN18700;17.03.2025;1,4
Oslo;SN18700;18.03.2025;5,1
Oslo;SN18700;19.03.2025;4,4
Oslo;SN18700;20.03.2025;3,9
Oslo;SN18700;21.03.2025;4,5
Oslo;SN18700;22.03.2025;4,6
Oslo;SN18700;23.03.2025;5
Oslo;SN18700;24.03.2025;3
Oslo;SN18700;25.03.2025;8,1
Oslo;SN18700;26.03.2025;6,4
Oslo;SN18700;27.03.2025;6,9
Oslo;SN18700;28.03.2025;6,6
Oslo;SN18700;29.03.2025;7,4
Oslo;SN18700;30.03.2025;4,1
Oslo;SN18700;31.03.2025;6,7
Oslo;SN18700;01.04.2025;7,6
Oslo;SN18700;02.04.2025;8,1
Oslo;SN18700;03.04.2025;9,5
Oslo;SN18700;04.04.2025;6,7
Oslo;SN18700;05.04.2025;5,6
Oslo;SN18700;06.04.2025;7,6
Oslo;SN18700;07.04.2025;8
Oslo;SN18700;08.04.2025;8
Oslo;SN18700;09.04.2025;6,8
Oslo;SN18700;10.04.2025;6,6
Oslo;SN18700;11.04.2025;11,6
Oslo;SN18700;12.04.2025;13,2
Oslo;SN18700;13.04.2025;9,9
Oslo;SN18700;14.04.2025;10,1
Oslo;SN18700;15.04.2025;10,5
Oslo;SN18700;16.04.2025;10,8
Oslo;SN18700;17.04.2025;11,9
Oslo;SN18700;18.04.2025;11,5
Oslo;SN18700;19.04.2025;9,7
Oslo;SN18700;20.04.2025;7,9
Oslo;SN18700;21.04.2025;8,9
Oslo;SN18700;22.04.2025;7
Oslo;SN18700;23.04.2025;9,9
Oslo;SN18700;24.04.2025;8,8
Oslo;SN18700;25.04.2025;6,7
Oslo;SN18700;26.04.2025;8,1
Oslo;SN18700;27.04.2025;9,4
Oslo;SN18700;28.04.2025;11,7
Oslo;SN18700;29.04.2025;12,5
Oslo;SN18700;30.04.2025;11,9
Oslo;SN18700;01.05.2025;11
Oslo;SN18700;02.05.2025;12,3
Oslo;SN18700;03.05.2025;10
Oslo;SN18700;04.05.2025;6,9
Oslo;SN18700;05.05.2025;8,6
Oslo;SN18700;06.05.2025;10,7
Oslo;SN18700;07.05.2025;10,2
Oslo;SN18700;08.05.2025;12,5
Oslo;SN18700;09.05.2025;14
Oslo;SN18700;10.05.2025;14,2
Oslo;SN18700;11.05.2025;13
Oslo;SN18700;12.05.2025;15,1
Oslo;SN18700;13.05.2025;16,6
Oslo;SN18700;14.05.2025;10,2
Oslo;SN18700;15.05.2025;13,9
Oslo;SN18700;16.05.2025;14,2
Oslo;SN18700;17.05.2025;14,8
Oslo;SN18700;18.05.2025;15,9
Oslo;SN18700;19.05.2025;18,7
Oslo;SN18700;20.05.2025;17,4
Oslo;SN18700;21.05.2025;9,8
Oslo;SN18700;22.05.2025;7,8
Oslo;SN18700;23.05.2025;7,4
Oslo;SN18700;24.05.2025;8,7
Oslo;SN18700;25.05.2025;9,6
Oslo;SN18700;26.05.2025;11,8
Oslo;SN18700;27.05.2025;9,7
Oslo;SN18700;28.05.2025;11,6
Oslo;SN18700;29.05.2025;13
Oslo;SN18700;30.05.2025;14,6
Oslo;SN18700;31.05.2025;13,5
Oslo;SN18700;01.06.2025;12,1
Oslo;SN18700;02.06.2025;14,7
Oslo;SN18700;03.06.2025;12,6
Oslo;SN18700;04.06.2025;12,6
Oslo;SN18700;05.06.2025;11,5
Oslo;SN18700;06.06.2025;12,3
Oslo;SN18700;07.06.2025;13,1
Oslo;SN18700;08.06.2025;12,1
Oslo;SN18700;09.06.2025;13,8
Oslo;SN18700;10.06.2025;11,5
Oslo;SN18700;11.06.2025;13,7
Oslo;SN18700;12.06.2025;15,2
Oslo;SN18700;13.06.2025;16,7
Oslo;SN18700;14.06.2025;17,4
Oslo;SN18700;15.06.2025;15,7
Oslo;SN18700;16.06.2025;19,3
Oslo;SN18700;17.06.2025;16,2
Oslo;SN18700;18.06.2025;16,9
Oslo;SN18700;19.06.2025;16,1
Oslo;SN18700;20.06.2025;16,4
Oslo;SN18700;21.06.2025;18,6
Oslo;SN18700;22.06.2025;16,8
Oslo;SN18700;23.06.2025;15,3
Oslo;SN18700;24.06.2025;14,9
Oslo;SN18700;25.06.2025;18
Oslo;SN18700;26.06.2025;15,8
Oslo;SN18700;27.06.2025;18,7
Oslo;SN18700;28.06.2025;17,3
Oslo;SN18700;29.06.2025;18
Oslo;SN18700;30.06.2025;18,2
Oslo;SN18700;01.07.2025;17,6
Oslo;SN18700;02.07.2025;18,9
Oslo;SN18700;03.07.2025;14,9
Oslo;SN18700;04.07.2025;15
Oslo;SN18700;05.07.2025;14,7
Oslo;SN18700;06.07.2025;17,7
Oslo;SN18700;07.07.2025;15,9
Oslo;SN18700;08.07.2025;18,5
Oslo;SN18700;09.07.2025;17,8
Oslo;SN18700;10.07.2025;19,5
Oslo;SN18700;11.07.2025;22,3
Oslo;SN18700;12.07.2025;24,5
Oslo;SN18700;13.07.2025;22
Oslo;SN18700;14.07.2025;20,3
Oslo;SN18700;15.07.2025;22,2
Oslo;SN18700;16.07.2025;23,4
Oslo;SN18700;17.07.2025;25,2
Oslo;SN18700;18.07.2025;24,5
Oslo;SN18700;19.07.2025;24,7
Oslo;SN18700;20.07.2025;25,6
Oslo;SN18700;21.07.2025;24,5
Oslo;SN18700;22.07.2025;24
Oslo;SN18700;23.07.2025;22,4
Oslo;SN18700;24.07.2025;24,8
Oslo;SN18700;25.07.2025;23,3
Oslo;SN18700;26.07.2025;22,3
Oslo;SN18700;27.07.2025;20
Oslo;SN18700;28.07.2025;20,2
Oslo;SN18700;29.07.2025;17
Oslo;SN18700;30.07.2025;18,8
Oslo;SN18700;31.07.2025;17,7
Oslo;SN18700;01.08.2025;20
Oslo;SN18700;02.08.2025;18,3
Oslo;SN18700;03.08.2025;18,2
Oslo;SN18700;04.08.2025;17,1
Oslo;SN18700;05.08.2025;15,5
Oslo;SN18700;06.08.2025;16,7
Oslo;SN18700;07.08.2025;15,9
Oslo;SN18700;08.08.2025;17,5
Oslo;SN18700;09.08.2025;15,5
Oslo;SN18700;10.08.2025;16,1
Oslo;SN18700;11.08.2025;15,7
Oslo;SN18700;12.08.2025;16,3
Oslo;SN18700;13.08.2025;18,8
Oslo;SN18700;14.08.2025;19,6
Oslo;SN18700;15.08.2025;18,7
Oslo;SN18700;16.08.2025;16,8
Oslo;SN18700;17.08.2025;18,6
Oslo;SN18700;18.08.2025;19,7
Oslo;SN18700;19.08.2025;16,5
Oslo;SN18700;20.08.2025;13,6
Oslo;SN18700;21.08.2025;13,7
Oslo;SN18700;22.08.2025;12,6
Oslo;SN18700;23.08.2025;14
Oslo;SN18700;24.08.2025;15,2
Oslo;SN18700;25.08.2025;14,1
Oslo;SN18700;26.08.2025;15
Oslo;SN18700;27.08.2025;14,4
Oslo;SN18700;28.08.2025;15,1
Oslo;SN18700;29.08.2025;14,7
Oslo;SN18700;30.08.2025;16,4
Oslo;SN18700;31.08.2025;16,9
Oslo;SN18700;01.09.2025;17,2
Drammen;SN26580;01.09.2024;14,6
Drammen;SN26580;02.09.2024;12,7
Drammen;SN26580;03.09.2024;14,9
Drammen;SN26580;04.09.2024;16,6
Drammen;SN26580;05.09.2024;19,7
Drammen;SN26580;06.09.2024;18,6
Drammen;SN26580;07.09.2024;17,7
Drammen;SN26580;08.09.2024;17,4
Drammen;SN26580;09.09.2024;17
Drammen;SN26580;10.09.2024;14,2
Drammen;SN26580;11.09.2024;11,2
Drammen;SN26580;12.09.2024;11,3
Drammen;SN26580;13.09.2024;10,7
Drammen;SN26580;14.09.2024;9,7
Drammen;SN26580;15.09.2024;12,4
Drammen;SN26580;16.09.2024;13,9
Drammen;SN26580;17.09.2024;12,6
Drammen;SN26580;18.09.2024;13,1
Drammen;SN26580;19.09.2024;12,9
Drammen;SN26580;20.09.2024;12,3
Drammen;SN26580;21.09.2024;13,4
Drammen;SN26580;22.09.2024;14,3
Drammen;SN26580;23.09.2024;13,3
Drammen;SN26580;24.09.2024;13,9
Drammen;SN26580;25.09.2024;13
Drammen;SN26580;26.09.2024;8,3
Drammen;SN26580;27.09.2024;8,8
Drammen;SN26580;28.09.2024;9
Drammen;SN26580;29.09.2024;7,9
Drammen;SN26580;30.09.2024;7,8
Drammen;SN26580;01.10.2024;8,1
Drammen;SN26580;02.10.2024;7
Drammen;SN26580;03.10.2024;7,6
Drammen;SN26580;04.10.2024;6,7
Drammen;SN26580;05.10.2024;9,1
Drammen;SN26580;06.10.2024;11,1
Drammen;SN26580;07.10.2024;9,2
Drammen;SN26580;08.10.2024;10,9
Drammen;SN26580;09.10.2024;11,9
Drammen;SN26580;10.10.2024;9,8
Drammen;SN26580;11.10.2024;6,2
Drammen;SN26580;12.10.2024;3,7
Drammen;SN26580;13.10.2024;7,5
Drammen;SN26580;14.10.2024;5
Drammen;SN26580;15.10.2024;2,8
Drammen;SN26580;16.10.2024;5
Drammen;SN26580;17.10.2024;8,1
Drammen;SN26580;18.10.2024;9,7
Drammen;SN26580;19.10.2024;11,2
Drammen;SN26580;20.10.2024;12,2
Drammen;SN26580;21.10.2024;13,1
Drammen;SN26580;22.10.2024;10,1
Drammen;SN26580;23.10.2024;8,8
Drammen;SN26580;24.10.2024;11,7
Drammen;SN26580;25.10.2024;8,9
Drammen;SN26580;26.10.2024;6
Drammen;SN26580;27.10.2024;10,1
Drammen;SN26580;28.10.2024;6,8
Drammen;SN26580;29.10.2024;3,6
Drammen;SN26580;30.10.2024;6
Drammen;SN26580;31.10.2024;9,6
Drammen;SN26580;01.11.2024;10
Drammen;SN26580;02.11.2024;3,3
Drammen;SN26580;03.11.2024;9,1
Drammen;SN26580;04.11.2024;4,9
Drammen;SN26580;05.11.2024;1,9
Drammen;SN26580;06.11.2024;1,3
Drammen;SN26580;07.11.2024;1
Drammen;SN26580;08.11.2024;1,9
Drammen;SN26580;09.11.2024;3,6
Drammen;SN26580;11.11.2024;2,7
Drammen;SN26580;12.11.2024;1,6
Drammen;SN26580;13.11.2024;2,7
Drammen;SN26580;14.11.2024;4
Drammen;SN26580;15.11.2024;7,6
Drammen;SN26580;16.11.2024;7,7
Drammen;SN26580;17.11.2024;4,6
Drammen;SN26580;18.11.2024;-0,1
Drammen;SN26580;19.11.2024;0,7
Drammen;SN26580;20.11.2024;0,1
Drammen;SN26580;21.11.2024;-4,8
Drammen;SN26580;22.11.2024;-6,9
Drammen;SN26580;23.11.2024;-3,5
Drammen;SN26580;24.11.2024;-0,9
Drammen;SN26580;25.11.2024;5
Drammen;SN26580;26.11.2024;5,8
Drammen;SN26580;27.11.2024;3,2
Drammen;SN26580;28.11.2024;-1,6
Drammen;SN26580;29.11.2024;-3,3
Drammen;SN26580;30.11.2024;5,7
Drammen;SN26580;01.12.2024;7,6
Drammen;SN26580;02.12.2024;6,6
Drammen;SN26580;03.12.2024;-0,8
Drammen;SN26580;04.12.2024;-5,6
Drammen;SN26580;05.12.2024;-0,4
Drammen;SN26580;06.12.2024;0,9
Drammen;SN26580;07.12.2024;1,8
Drammen;SN26580;08.12.2024;1,1
Drammen;SN26580;09.12.2024;-4
Drammen;SN26580;10.12.2024;-6,8
Drammen;SN26580;11.12.2024;-5,3
Drammen;SN26580;12.12.2024;-4,5
Drammen;SN26580;13.12.2024;-2,3
Drammen;SN26580;14.12.2024;1,1
Drammen;SN26580;15.12.2024;-0,1
Drammen;SN26580;16.12.2024;5,8
Drammen;SN26580;17.12.2024;1,4
Drammen;SN26580;18.12.2024;5,1
Drammen;SN26580;19.12.2024;3,9
Drammen;SN26580;20.12.2024;2,6
Drammen;SN26580;21.12.2024;-0,7
Drammen;SN26580;22.12.2024;1,6
Drammen;SN26580;23.12.2024;-0,1
Drammen;SN26580;24.12.2024;-0,6
Drammen;SN26580;25.12.2024;2,2
Drammen;SN26580;26.12.2024;1,5
Drammen;SN26580;27.12.2024;0,3
Drammen;SN26580;28.12.2024;0,6
Drammen;SN26580;29.12.2024;3,2
Drammen;SN26580;30.12.2024;1,2
Drammen;SN26580;31.12.2024;-1,9
Drammen;SN26580;01.01.2025;-4
Drammen;SN26580;02.01.2025;-6
Drammen;SN26580;03.01.2025;-5,5
Drammen;SN26580;04.01.2025;-11,8
Drammen;SN26580;05.01.2025;-12
Drammen;SN26580;06.01.2025;-4,3
Drammen;SN26580;07.01.2025;0,5
Drammen;SN26580;08.01.2025;-3,2
Drammen;SN26580;09.01.2025;-3,4
Drammen;SN26580;10.01.2025;-4,7
Drammen;SN26580;11.01.2025;-8,2
Drammen;SN26580;12.01.2025;-12,2
Drammen;SN26580;13.01.2025;-6,3
Drammen;SN26580;14.01.2025;-2,1
Drammen;SN26580;15.01.2025;-2
Drammen;SN26580;16.01.2025;0,1
Drammen;SN26580;17.01.2025;1
Drammen;SN26580;18.01.2025;0,7
Drammen;SN26580;19.01.2025;0,2
Drammen;SN26580;20.01.2025;-1,4
Drammen;SN26580;21.01.2025;-1,6
Drammen;SN26580;22.01.2025;-4,4
Drammen;SN26580;23.01.2025;-3,4
Drammen;SN26580;24.01.2025;-3,3
Drammen;SN26580;25.01.2025;4,9
Drammen;SN26580;26.01.2025;1
Drammen;SN26580;27.01.2025;0,6
Drammen;SN26580;28.01.2025;0,7
Drammen;SN26580;29.01.2025;1,6
Drammen;SN26580;30.01.2025;-1,1
Drammen;SN26580;31.01.2025;-4,4
Drammen;SN26580;01.02.2025;-7,3
Drammen;SN26580;02.02.2025;-5,8
Drammen;SN26580;03.02.2025;-2
Drammen;SN26580;04.02.2025;4
Drammen;SN26580;05.02.2025;4,7
Drammen;SN26580;06.02.2025;-1,1
Drammen;SN26580;07.02.2025;-3,6
Drammen;SN26580;08.02.2025;-1
Drammen;SN26580;09.02.2025;-5,7
Drammen;SN26580;10.02.2025;-6,7
Drammen;SN26580;11.02.2025;-6,8
Drammen;SN26580;12.02.2025;-8,1
Drammen;SN26580;13.02.2025;-3,3
Drammen;SN26580;14.02.2025;-7,3
Drammen;SN26580;15.02.2025;-5,5
Drammen;SN26580;16.02.2025;-11,2
Drammen;SN26580;17.02.2025;-8,6
Drammen;SN26580;18.02.2025;-7,9
Drammen;SN26580;19.02.2025;-9,7
Drammen;SN26580;20.02.2025;-5,3
Drammen;SN26580;21.02.2025;1,4
Drammen;SN26580;22.02.2025;2,3
Drammen;SN26580;23.02.2025;1,6
Drammen;SN26580;24.02.2025;3,9
Drammen;SN26580;25.02.2025;2,5
Drammen;SN26580;26.02.2025;1,4
Drammen;SN26580;27.02.2025;0,7
Drammen;SN26580;28.02.2025;-1,5
Drammen;SN26580;01.03.2025;-1,4
Drammen;SN26580;02.03.2025;3,8
Drammen;SN26580;03.03.2025;6,3
Drammen;SN26580;04.03.2025;7
Drammen;SN26580;05.03.2025;9,1
Drammen;SN26580;06.03.2025;10,9
Drammen;SN26580;07.03.2025;4,2
Drammen;SN26580;08.03.2025;2,5
Drammen;SN26580;09.03.2025;2,9
Drammen;SN26580;10.03.2025;2,4
Drammen;SN26580;11.03.2025;0,5
Drammen;SN26580;12.03.2025;-0,2
Drammen;SN26580;13.03.2025;-1,9
Drammen;SN26580;14.03.2025;-1,6
Drammen;SN26580;15.03.2025;1,9
Drammen;SN26580;16.03.2025;4,1
Drammen;SN26580;17.03.2025;2,8
Drammen;SN26580;18.03.2025;6,2
Drammen;SN26580;19.03.2025;5
Drammen;SN26580;20.03.2025;3,4
Drammen;SN26580;22.03.2025;2,6
Drammen;SN26580;23.03.2025;3,7
Drammen;SN26580;24.03.2025;3,2
Drammen;SN26580;25.03.2025;9,3
Drammen;SN26580;26.03.2025;6,5
Drammen;SN26580;29.03.2025;8,3
Drammen;SN26580;30.03.2025;4,5
Drammen;SN26580;31.03.2025;6,6
Drammen;SN26580;01.04.2025;7,1
Drammen;SN26580;02.04.2025;7
Drammen;SN26580;03.04.2025;8,3
Drammen;SN26580;04.04.2025;8,1
Drammen;SN26580;05.04.2025;6,3
Drammen;SN26580;06.04.2025;7,1
Drammen;SN26580;07.04.2025;7,2
Drammen;SN26580;08.04.2025;8
Drammen;SN26580;09.04.2025;6,9
Drammen;SN26580;10.04.2025;7,8
Drammen;SN26580;11.04.2025;12,7
Drammen;SN26580;12.04.2025;13,3
Drammen;SN26580;13.04.2025;9,9
Drammen;SN26580;14.04.2025;10,3
Drammen;SN26580;15.04.2025;10,2
Drammen;SN26580;16.04.2025;10,3
Drammen;SN26580;17.04.2025;10,3
Drammen;SN26580;18.04.2025;11
Drammen;SN26580;19.04.2025;9
Drammen;SN26580;20.04.2025;8,4
Drammen;SN26580;21.04.2025;9,6
Drammen;SN26580;22.04.2025;7,7
Drammen;SN26580;23.04.2025;10,1
Drammen;SN26580;24.04.2025;10,1
Drammen;SN26580;25.04.2025;7,3
Drammen;SN26580;26.04.2025;8,3
Drammen;SN26580;27.04.2025;10,5
Drammen;SN26580;28.04.2025;13,9
Drammen;SN26580;29.04.2025;14,2
Drammen;SN26580;30.04.2025;13,6
Drammen;SN26580;01.05.2025;11,4
Drammen;SN26580;02.05.2025;13,1
Drammen;SN26580;03.05.2025;10,5
Drammen;SN26580;04.05.2025;8,2
Drammen;SN26580;05.05.2025;9,3
Drammen;SN26580;06.05.2025;11,1
Drammen;SN26580;07.05.2025;10,9
Drammen;SN26580;08.05.2025;13,1
Drammen;SN26580;09.05.2025;14,6
Drammen;SN26580;10.05.2025;14,2
Drammen;SN26580;11.05.2025;14,5
Drammen;SN26580;12.05.2025;14,8
Drammen;SN26580;13.05.2025;18,1
Drammen;SN26580;14.05.2025;11,9
Drammen;SN26580;15.05.2025;15,4
Drammen;SN26580;16.05.2025;15,7
Drammen;SN26580;17.05.2025;15,5
Drammen;SN26580;18.05.2025;15,8
Drammen;SN26580;19.05.2025;18,2
Drammen;SN26580;20.05.2025;18,1
Drammen;SN26580;23.05.2025;9,3
Drammen;SN26580;24.05.2025;10,6
Drammen;SN26580;25.05.2025;10,1
Drammen;SN26580;26.05.2025;12,6
Drammen;SN26580;27.05.2025;10,2
Drammen;SN26580;28.05.2025;12,3
Drammen;SN26580;29.05.2025;13,9
Drammen;SN26580;30.05.2025;15,7
Drammen;SN26580;31.05.2025;14
Drammen;SN26580;01.06.2025;13,4
Drammen;SN26580;02.06.2025;15
Drammen;SN26580;03.06.2025;13,3
Drammen;SN26580;13.06.2025;17,4
Drammen;SN26580;14.06.2025;18
Drammen;SN26580;15.06.2025;16,3
Drammen;SN26580;16.06.2025;19,1
Drammen;SN26580;17.06.2025;17,4
Drammen;SN26580;18.06.2025;17,3
Drammen;SN26580;19.06.2025;17,3
Drammen;SN26580;20.06.2025;17,6
Drammen;SN26580;21.06.2025;19,8
Drammen;SN26580;22.06.2025;17,1
Drammen;SN26580;23.06.2025;16
Drammen;SN26580;24.06.2025;16,6
Drammen;SN26580;25.06.2025;18,4
Drammen;SN26580;26.06.2025;16,7
Drammen;SN26580;27.06.2025;19,2
Drammen;SN26580;28.06.2025;18,6
Drammen;SN26580;29.06.2025;19
Drammen;SN26580;30.06.2025;19,2
Drammen;SN26580;02.07.2025;19,6
Drammen;SN26580;03.07.2025;17
Drammen;SN26580;04.07.2025;16,1
Drammen;SN26580;05.07.2025;15,3
Drammen;SN26580;06.07.2025;17,9
Drammen;SN26580;07.07.2025;15,9
Drammen;SN26580;08.07.2025;18,9
Drammen;SN26580;09.07.2025;18,3
Drammen;SN26580;10.07.2025;19,8
Drammen;SN26580;11.07.2025;22,3
Drammen;SN26580;12.07.2025;24,1
Drammen;SN26580;13.07.2025;21,8
Drammen;SN26580;14.07.2025;20,9
Drammen;SN26580;15.07.2025;22,9
Drammen;SN26580;16.07.2025;21,8
Drammen;SN26580;17.07.2025;24
Drammen;SN26580;18.07.2025;24,1
Drammen;SN26580;19.07.2025;24,3
Drammen;SN26580;20.07.2025;24,8
Drammen;SN26580;21.07.2025;24,1
Drammen;SN26580;22.07.2025;24,2
Drammen;SN26580;23.07.2025;24
Drammen;SN26580;24.07.2025;24,3
Drammen;SN26580;25.07.2025;23,2
Drammen;SN26580;26.07.2025;23,1
Drammen;SN26580;27.07.2025;20,5
Drammen;SN26580;28.07.2025;18
Drammen;SN26580;29.07.2025;17,6
Drammen;SN26580;30.07.2025;18,4
Drammen;SN26580;31.07.2025;18,3
Drammen;SN26580;01.08.2025;20,8
Drammen;SN26580;02.08.2025;18,3
Drammen;SN26580;03.08.2025;18,7
Drammen;SN26580;04.08.2025;17,4
Drammen;SN26580;05.08.2025;16,3
Drammen;SN26580;06.08.2025;17,4
Drammen;SN26580;07.08.2025;16,3
Drammen;SN26580;08.08.2025;17,9
Drammen;SN26580;09.08.2025;16
Drammen;SN26580;10.08.2025;16,7
Drammen;SN26580;11.08.2025;16,2
Drammen;SN26580;12.08.2025;16,8
Drammen;SN26580;13.08.2025;18,9
Drammen;SN26580;14.08.2025;19,4
Drammen;SN26580;15.08.2025;19,9
Drammen;SN26580;16.08.2025;17,5
Drammen;SN26580;17.08.2025;18,8
Drammen;SN26580;18.08.2025;19
Drammen;SN26580;19.08.2025;17,2
Drammen;SN26580;20.08.2025;13,2
Drammen;SN26580;22.08.2025;13,9
Drammen;SN26580;23.08.2025;13,7
Drammen;SN26580;24.08.2025;14,8
Drammen;SN26580;25.08.2025;13,9
Drammen;SN26580;26.08.2025;14,3
Drammen;SN26580;27.08.2025;15,1
Drammen;SN26580;28.08.2025;15,5
Drammen;SN26580;29.08.2025;15,3
Drammen;SN26580;30.08.2025;16,9
Drammen;SN26580;31.08.2025;17,1
Drammen;SN26580;01.09.2025;16,9
Bergen;SN50540;01.09.2024;14,4
Bergen;SN50540;02.09.2024;15,5
Bergen;SN50540;03.09.2024;15,8
Bergen;SN50540;04.09.2024;16,5
Bergen;SN50540;05.09.2024;20,1
Bergen;SN50540;06.09.2024;20,1
Bergen;SN50540;07.09.2024;19,4
Bergen;SN50540;08.09.2024;18
Bergen;SN50540;09.09.2024;12,9
Bergen;SN50540;10.09.2024;11
Bergen;SN50540;11.09.2024;10,4
Bergen;SN50540;12.09.2024;9,7
Bergen;SN50540;13.09.2024;8,9
Bergen;SN50540;14.09.2024;11,4
Bergen;SN50540;15.09.2024;13,6
Bergen;SN50540;16.09.2024;12,1
Bergen;SN50540;17.09.2024;12,8
Bergen;SN50540;18.09.2024;15
Bergen;SN50540;19.09.2024;14,7
Bergen;SN50540;20.09.2024;14,1
Bergen;SN50540;21.09.2024;12,8
Bergen;SN50540;22.09.2024;13,1
Bergen;SN50540;23.09.2024;12,2
Bergen;SN50540;24.09.2024;10,6
Bergen;SN50540;25.09.2024;10
Bergen;SN50540;26.09.2024;9,1
Bergen;SN50540;27.09.2024;8,6
Bergen;SN50540;28.09.2024;5,4
Bergen;SN50540;29.09.2024;7,7
Bergen;SN50540;30.09.2024;11,4
Bergen;SN50540;01.10.2024;10,4
Bergen;SN50540;02.10.2024;9
Bergen;SN50540;03.10.2024;9
Bergen;SN50540;04.10.2024;8,8
Bergen;SN50540;05.10.2024;11,4
Bergen;SN50540;06.10.2024;12
Bergen;SN50540;07.10.2024;11,8
Bergen;SN50540;08.10.2024;11,8
Bergen;SN50540;09.10.2024;10,3
Bergen;SN50540;10.10.2024;6,9
Bergen;SN50540;11.10.2024;4,2
Bergen;SN50540;12.10.2024;6,8
Bergen;SN50540;13.10.2024;7,2
Bergen;SN50540;14.10.2024;5,5
Bergen;SN50540;15.10.2024;8,9
Bergen;SN50540;16.10.2024;13,7
Bergen;SN50540;17.10.2024;15,8
Bergen;SN50540;18.10.2024;13,6
Bergen;SN50540;19.10.2024;14,2
Bergen;SN50540;20.10.2024;12,1
Bergen;SN50540;21.10.2024;11,8
Bergen;SN50540;22.10.2024;10,5
Bergen;SN50540;23.10.2024;10,4
Bergen;SN50540;24.10.2024;12,4
Bergen;SN50540;25.10.2024;11,5
Bergen;SN50540;26.10.2024;11,8
Bergen;SN50540;27.10.2024;8,9
Bergen;SN50540;28.10.2024;7,8
Bergen;SN50540;29.10.2024;7,3
Bergen;SN50540;30.10.2024;8,9
Bergen;SN50540;31.10.2024;11,3
Bergen;SN50540;01.11.2024;6
Bergen;SN50540;02.11.2024;4
Bergen;SN50540;03.11.2024;10,3
Bergen;SN50540;04.11.2024;10,2
Bergen;SN50540;05.11.2024;8,8
Bergen;SN50540;06.11.2024;9
Bergen;SN50540;07.11.2024;10,4
Bergen;SN50540;08.11.2024;10,8
Bergen;SN50540;09.11.2024;9,1
Bergen;SN50540;10.11.2024;7,8
Bergen;SN50540;11.11.2024;7,5
Bergen;SN50540;12.11.2024;7,4
Bergen;SN50540;13.11.2024;8,7
Bergen;SN50540;14.11.2024;7
Bergen;SN50540;15.11.2024;9,4
Bergen;SN50540;16.11.2024;5,3
Bergen;SN50540;17.11.2024;4,4
Bergen;SN50540;18.11.2024;1,4
Bergen;SN50540;19.11.2024;-1,1
Bergen;SN50540;20.11.2024;-2,4
Bergen;SN50540;21.11.2024;-3,5
Bergen;SN50540;22.11.2024;-2,6
Bergen;SN50540;23.11.2024;-0,3
Bergen;SN50540;24.11.2024;8,3
Bergen;SN50540;25.11.2024;8,8
Bergen;SN50540;26.11.2024;7
Bergen;SN50540;27.11.2024;4,8
Bergen;SN50540;28.11.2024;1,7
Bergen;SN50540;29.11.2024;6,3
Bergen;SN50540;30.11.2024;9
Bergen;SN50540;01.12.2024;10,4
Bergen;SN50540;02.12.2024;5,6
Bergen;SN50540;03.12.2024;1,9
Bergen;SN50540;04.12.2024;4,1
Bergen;SN50540;05.12.2024;7,1
Bergen;SN50540;06.12.2024;5,8
Bergen;SN50540;07.12.2024;5,3
Bergen;SN50540;08.12.2024;3,9
Bergen;SN50540;09.12.2024;-0,9
Bergen;SN50540;10.12.2024;1,2
Bergen;SN50540;11.12.2024;3
Bergen;SN50540;12.12.2024;5
Bergen;SN50540;13.12.2024;6,1
Bergen;SN50540;14.12.2024;3,4
Bergen;SN50540;15.12.2024;6,8
Bergen;SN50540;16.12.2024;6,2
Bergen;SN50540;17.12.2024;5,2
Bergen;SN50540;18.12.2024;8,3
Bergen;SN50540;19.12.2024;5,3
Bergen;SN50540;20.12.2024;3,1
Bergen;SN50540;21.12.2024;6,2
Bergen;SN50540;22.12.2024;5,7
Bergen;SN50540;23.12.2024;2,8
Bergen;SN50540;24.12.2024;5,7
Bergen;SN50540;25.12.2024;10,3
Bergen;SN50540;26.12.2024;8
Bergen;SN50540;27.12.2024;6,6
Bergen;SN50540;28.12.2024;7,7
Bergen;SN50540;29.12.2024;5,6
Bergen;SN50540;30.12.2024;0,8
Bergen;SN50540;31.12.2024;-0,3
Bergen;SN50540;01.01.2025;-1,9
Bergen;SN50540;02.01.2025;-3,1
Bergen;SN50540;03.01.2025;-4,1
Bergen;SN50540;04.01.2025;-3,3
Bergen;SN50540;05.01.2025;-4,5
Bergen;SN50540;06.01.2025;1,7
Bergen;SN50540;07.01.2025;1,7
Bergen;SN50540;08.01.2025;-3,9
Bergen;SN50540;09.01.2025;-2,7
Bergen;SN50540;10.01.2025;-3,9
Bergen;SN50540;11.01.2025;-4,8
Bergen;SN50540;12.01.2025;-1,1
Bergen;SN50540;13.01.2025;5,5
Bergen;SN50540;14.01.2025;7,8
Bergen;SN50540;15.01.2025;8
Bergen;SN50540;16.01.2025;8,2
Bergen;SN50540;17.01.2025;7,8
Bergen;SN50540;18.01.2025;6,9
Bergen;SN50540;19.01.2025;3,9
Bergen;SN50540;20.01.2025;4,4
Bergen;SN50540;21.01.2025;3,3
Bergen;SN50540;22.01.2025;1,5
Bergen;SN50540;23.01.2025;-0,6
Bergen;SN50540;24.01.2025;4,6
Bergen;SN50540;25.01.2025;6,1
Bergen;SN50540;26.01.2025;4,2
Bergen;SN50540;27.01.2025;5,5
Bergen;SN50540;28.01.2025;6,3
Bergen;SN50540;29.01.2025;3,2
Bergen;SN50540;30.01.2025;3,6
Bergen;SN50540;31.01.2025;1,9
Bergen;SN50540;01.02.2025;3,3
Bergen;SN50540;02.02.2025;5,2
Bergen;SN50540;03.02.2025;5,5
Bergen;SN50540;04.02.2025;7,1
Bergen;SN50540;05.02.2025;4,8
Bergen;SN50540;06.02.2025;5,1
Bergen;SN50540;07.02.2025;1,4
Bergen;SN50540;08.02.2025;1,9
Bergen;SN50540;09.02.2025;0
Bergen;SN50540;10.02.2025;-0,7
Bergen;SN50540;11.02.2025;0,3
Bergen;SN50540;12.02.2025;-0,7
Bergen;SN50540;13.02.2025;-0,8
Bergen;SN50540;14.02.2025;1
Bergen;SN50540;15.02.2025;-0,8
Bergen;SN50540;16.02.2025;-4
Bergen;SN50540;17.02.2025;-2,7
Bergen;SN50540;18.02.2025;-2,8
Bergen;SN50540;19.02.2025;1,8
Bergen;SN50540;20.02.2025;6
Bergen;SN50540;21.02.2025;9,7
Bergen;SN50540;22.02.2025;8,7
Bergen;SN50540;23.02.2025;8,5
Bergen;SN50540;24.02.2025;7,9
Bergen;SN50540;25.02.2025;6,7
Bergen;SN50540;26.02.2025;5,4
Bergen;SN50540;27.02.2025;4,3
Bergen;SN50540;28.02.2025;4,9
Bergen;SN50540;01.03.2025;6,3
Bergen;SN50540;02.03.2025;6,9
Bergen;SN50540;03.03.2025;7,2
Bergen;SN50540;04.03.2025;7,4
Bergen;SN50540;05.03.2025;8
Bergen;SN50540;06.03.2025;8,4
Bergen;SN50540;07.03.2025;7,9
Bergen;SN50540;08.03.2025;5,4
Bergen;SN50540;09.03.2025;8,3
Bergen;SN50540;10.03.2025;4,9
Bergen;SN50540;11.03.2025;3,6
Bergen;SN50540;12.03.2025;3,4
Bergen;SN50540;13.03.2025;1,9
Bergen;SN50540;14.03.2025;2,3
Bergen;SN50540;15.03.2025;3,5
Bergen;SN50540;16.03.2025;3,9
Bergen;SN50540;17.03.2025;2,2
Bergen;SN50540;18.03.2025;4,5
Bergen;SN50540;19.03.2025;4,8
Bergen;SN50540;20.03.2025;5
Bergen;SN50540;21.03.2025;6,2
Bergen;SN50540;22.03.2025;9,7
Bergen;SN50540;23.03.2025;10,1
Bergen;SN50540;24.03.2025;6,9
Bergen;SN50540;25.03.2025;6,5
Bergen;SN50540;26.03.2025;6,6
Bergen;SN50540;27.03.2025;7,6
Bergen;SN50540;28.03.2025;8
Bergen;SN50540;29.03.2025;5,8
Bergen;SN50540;30.03.2025;7,3
Bergen;SN50540;31.03.2025;5,4
Bergen;SN50540;01.04.2025;10,5
Bergen;SN50540;02.04.2025;10,3
Bergen;SN50540;03.04.2025;8,6
Bergen;SN50540;04.04.2025;7,8
Bergen;SN50540;05.04.2025;7
Bergen;SN50540;06.04.2025;6,6
Bergen;SN50540;07.04.2025;7
Bergen;SN50540;08.04.2025;6,7
Bergen;SN50540;09.04.2025;8,4
Bergen;SN50540;10.04.2025;5,5
Bergen;SN50540;11.04.2025;8,7
Bergen;SN50540;12.04.2025;10
Bergen;SN50540;13.04.2025;11,4
Bergen;SN50540;14.04.2025;8,7
Bergen;SN50540;15.04.2025;12,4
Bergen;SN50540;16.04.2025;13
Bergen;SN50540;17.04.2025;10,1
Bergen;SN50540;18.04.2025;8,3
Bergen;SN50540;19.04.2025;9,7
Bergen;SN50540;20.04.2025;10,9
Bergen;SN50540;21.04.2025;10,2
Bergen;SN50540;22.04.2025;9,9
Bergen;SN50540;23.04.2025;10,8
Bergen;SN50540;24.04.2025;8,5
Bergen;SN50540;25.04.2025;7,8
Bergen;SN50540;26.04.2025;9,2
Bergen;SN50540;27.04.2025;9,1
Bergen;SN50540;28.04.2025;10,3
Bergen;SN50540;29.04.2025;9,5
Bergen;SN50540;30.04.2025;10,3
Bergen;SN50540;01.05.2025;10,8
Bergen;SN50540;02.05.2025;8,7
Bergen;SN50540;03.05.2025;8,4
Bergen;SN50540;04.05.2025;8,6
Bergen;SN50540;05.05.2025;6,8
Bergen;SN50540;06.05.2025;8
Bergen;SN50540;07.05.2025;10
Bergen;SN50540;08.05.2025;12,3
Bergen;SN50540;09.05.2025;11,5
Bergen;SN50540;10.05.2025;13,3
Bergen;SN50540;11.05.2025;13
Bergen;SN50540;12.05.2025;13,4
Bergen;SN50540;13.05.2025;12,3
Bergen;SN50540;14.05.2025;10,9
Bergen;SN50540;15.05.2025;12,9
Bergen;SN50540;16.05.2025;16,6
Bergen;SN50540;17.05.2025;17,2
Bergen;SN50540;18.05.2025;16,3
Bergen;SN50540;19.05.2025;17,3
Bergen;SN50540;20.05.2025;15,3
Bergen;SN50540;21.05.2025;10,5
Bergen;SN50540;22.05.2025;10,6
Bergen;SN50540;23.05.2025;12,2
Bergen;SN50540;24.05.2025;9,6
Bergen;SN50540;25.05.2025;12,5
Bergen;SN50540;26.05.2025;9,6
Bergen;SN50540;27.05.2025;10,3
Bergen;SN50540;28.05.2025;11,4
Bergen;SN50540;29.05.2025;11,1
Bergen;SN50540;30.05.2025;11
Bergen;SN50540;31.05.2025;11,7
Bergen;SN50540;01.06.2025;12,3
Bergen;SN50540;02.06.2025;10,3
Bergen;SN50540;03.06.2025;11,7
Bergen;SN50540;04.06.2025;11,7
Bergen;SN50540;05.06.2025;11,1
Bergen;SN50540;06.06.2025;11,9
Bergen;SN50540;07.06.2025;11,7
Bergen;SN50540;08.06.2025;10,5
Bergen;SN50540;09.06.2025;10,7
Bergen;SN50540;10.06.2025;11,6
Bergen;SN50540;11.06.2025;12,1
Bergen;SN50540;12.06.2025;15,2
Bergen;SN50540;13.06.2025;18,2
Bergen;SN50540;14.06.2025;19,8
Bergen;SN50540;15.06.2025;16,2
Bergen;SN50540;16.06.2025;12,2
Bergen;SN50540;17.06.2025;12,6
Bergen;SN50540;18.06.2025;11,1
Bergen;SN50540;19.06.2025;12,7
Bergen;SN50540;20.06.2025;13,2
Bergen;SN50540;21.06.2025;14,8
Bergen;SN50540;22.06.2025;17
Bergen;SN50540;23.06.2025;13
Bergen;SN50540;24.06.2025;12,1
Bergen;SN50540;25.06.2025;13,6
Bergen;SN50540;26.06.2025;14,9
Bergen;SN50540;27.06.2025;14
Bergen;SN50540;28.06.2025;15
Bergen;SN50540;29.06.2025;13,2
Bergen;SN50540;30.06.2025;14,9
Bergen;SN50540;01.07.2025;13,5
Bergen;SN50540;02.07.2025;14,5
Bergen;SN50540;03.07.2025;13,5
Bergen;SN50540;04.07.2025;13,2
Bergen;SN50540;05.07.2025;13,6
Bergen;SN50540;06.07.2025;14,9
Bergen;SN50540;07.07.2025;15,3
Bergen;SN50540;08.07.2025;17,2
Bergen;SN50540;09.07.2025;15,8
Bergen;SN50540;10.07.2025;16,3
Bergen;SN50540;11.07.2025;19,6
Bergen;SN50540;12.07.2025;22,9
Bergen;SN50540;13.07.2025;23,4
Bergen;SN50540;14.07.2025;20,6
Bergen;SN50540;15.07.2025;20,9
Bergen;SN50540;16.07.2025;21,8
Bergen;SN50540;17.07.2025;22,5
Bergen;SN50540;18.07.2025;22,4
Bergen;SN50540;19.07.2025;22,7
Bergen;SN50540;20.07.2025;24,3
Bergen;SN50540;21.07.2025;23,9
Bergen;SN50540;22.07.2025;21,2
Bergen;SN50540;23.07.2025;22,6
Bergen;SN50540;24.07.2025;20
Bergen;SN50540;25.07.2025;17,9
Bergen;SN50540;26.07.2025;16,8
Bergen;SN50540;27.07.2025;17,6
Bergen;SN50540;28.07.2025;16,8
Bergen;SN50540;29.07.2025;18,8
Bergen;SN50540;30.07.2025;20,1
Bergen;SN50540;31.07.2025;20
Bergen;SN50540;01.08.2025;17,9
Bergen;SN50540;02.08.2025;18,8
Bergen;SN50540;03.08.2025;15,3
Bergen;SN50540;04.08.2025;15,4
Bergen;SN50540;05.08.2025;13,3
Bergen;SN50540;06.08.2025;13,6
Bergen;SN50540;07.08.2025;14,4
Bergen;SN50540;08.08.2025;14,8
Bergen;SN50540;09.08.2025;14,7
Bergen;SN50540;10.08.2025;14
Bergen;SN50540;11.08.2025;13,1
Bergen;SN50540;12.08.2025;12,5
Bergen;SN50540;13.08.2025;18,7
Bergen;SN50540;14.08.2025;20,3
Bergen;SN50540;15.08.2025;15,3
Bergen;SN50540;16.08.2025;13,9
Bergen;SN50540;17.08.2025;16,7
Bergen;SN50540;18.08.2025;14,4
Bergen;SN50540;19.08.2025;15,7
Bergen;SN50540;20.08.2025;13,1
Bergen;SN50540;21.08.2025;12,7
Bergen;SN50540;22.08.2025;11,8
Bergen;SN50540;23.08.2025;12,4
Bergen;SN50540;24.08.2025;12,8
Bergen;SN50540;25.08.2025;12,5
Bergen;SN50540;26.08.2025;15,6
Bergen;SN50540;27.08.2025;17,2
Bergen;SN50540;28.08.2025;17,3
Bergen;SN50540;29.08.2025;16
Bergen;SN50540;30.08.2025;17,8
Bergen;SN50540;31.08.2025;17,1
Bergen;SN50540;01.09.2025;16,3
Tromsø;SN91010;03.09.2024;14,3
Tromsø;SN91010;04.09.2024;18,1
Tromsø;SN91010;05.09.2024;13,8
Tromsø;SN91010;06.09.2024;16,6
Tromsø;SN91010;07.09.2024;12,5
Tromsø;SN91010;08.09.2024;14,6
Tromsø;SN91010;09.09.2024;18,4
Tromsø;SN91010;10.09.2024;18,6
Tromsø;SN91010;11.09.2024;14,7
Tromsø;SN91010;13.09.2024;10,7
Tromsø;SN91010;14.09.2024;10,4
Tromsø;SN91010;15.09.2024;8,9
Tromsø;SN91010;16.09.2024;10,4
Tromsø;SN91010;17.09.2024;11,3
Tromsø;SN91010;20.09.2024;5,4
Tromsø;SN91010;21.09.2024;4,9
Tromsø;SN91010;22.09.2024;3,3
Tromsø;SN91010;23.09.2024;4,2
Tromsø;SN91010;24.09.2024;5,1
Tromsø;SN91010;25.09.2024;5,1
Tromsø;SN91010;26.09.2024;5,9
Tromsø;SN91010;27.09.2024;2,9
Tromsø;SN91010;28.09.2024;0,7
Tromsø;SN91010;29.09.2024;0,6
Tromsø;SN91010;30.09.2024;2,9
Tromsø;SN91010;01.10.2024;4,9
Tromsø;SN91010;02.10.2024;1,9
Tromsø;SN91010;03.10.2024;1,9
Tromsø;SN91010;04.10.2024;2,8
Tromsø;SN91010;05.10.2024;2,3
Tromsø;SN91010;06.10.2024;0,9
Tromsø;SN91010;07.10.2024;-0,8
Tromsø;SN91010;08.10.2024;-0,5
Tromsø;SN91010;10.10.2024;4,9
Tromsø;SN91010;11.10.2024;2,2
Tromsø;SN91010;12.10.2024;4,7
Tromsø;SN91010;13.10.2024;7,8
Tromsø;SN91010;14.10.2024;5
Tromsø;SN91010;15.10.2024;2,1
Tromsø;SN91010;16.10.2024;3,2
Tromsø;SN91010;17.10.2024;6,8
Tromsø;SN91010;18.10.2024;11,6
Tromsø;SN91010;19.10.2024;7,3
Tromsø;SN91010;20.10.2024;4,1
Tromsø;SN91010;21.10.2024;8
Tromsø;SN91010;22.10.2024;7,6
Tromsø;SN91010;23.10.2024;5
Tromsø;SN91010;24.10.2024;5,4
Tromsø;SN91010;25.10.2024;8,9
Tromsø;SN91010;26.10.2024;2,3
Tromsø;SN91010;28.10.2024;2,9
Tromsø;SN91010;29.10.2024;0,2
Tromsø;SN91010;30.10.2024;-0,5
Tromsø;SN91010;31.10.2024;-2,4
Tromsø;SN91010;01.11.2024;-5,9
Tromsø;SN91010;02.11.2024;-1,1
Tromsø;SN91010;03.11.2024;-0,6
Tromsø;SN91010;04.11.2024;0,7
Tromsø;SN91010;05.11.2024;3,4
Tromsø;SN91010;06.11.2024;4,4
Tromsø;SN91010;07.11.2024;7,7
Tromsø;SN91010;08.11.2024;9,7
Tromsø;SN91010;09.11.2024;3,1
Tromsø;SN91010;10.11.2024;3,4
Tromsø;SN91010;11.11.2024;1,2
Tromsø;SN91010;12.11.2024;6,3
Tromsø;SN91010;13.11.2024;6,2
Tromsø;SN91010;15.11.2024;0,3
Tromsø;SN91010;16.11.2024;2,6
Tromsø;SN91010;17.11.2024;4,4
Tromsø;SN91010;18.11.2024;0,2
Tromsø;SN91010;19.11.2024;1,1
Tromsø;SN91010;20.11.2024;-6,7
Tromsø;SN91010;21.11.2024;-7,9
Tromsø;SN91010;22.11.2024;0,2
Tromsø;SN91010;23.11.2024;1,1
Tromsø;SN91010;24.11.2024;-0,6
Tromsø;SN91010;25.11.2024;-1,8
Tromsø;SN91010;26.11.2024;-2,7
Tromsø;SN91010;27.11.2024;-1,5
Tromsø;SN91010;28.11.2024;1,4
Tromsø;SN91010;29.11.2024;-1,9
Tromsø;SN91010;30.11.2024;-3,4
Tromsø;SN91010;01.12.2024;-5,3
Tromsø;SN91010;02.12.2024;-3,3
Tromsø;SN91010;03.12.2024;-4,6
Tromsø;SN91010;04.12.2024;-6,2
Tromsø;SN91010;06.12.2024;-10,3
Tromsø;SN91010;07.12.2024;-2,6
Tromsø;SN91010;08.12.2024;2,1
Tromsø;SN91010;09.12.2024;2,8
Tromsø;SN91010;10.12.2024;2,8
Tromsø;SN91010;11.12.2024;-1,8
Tromsø;SN91010;12.12.2024;-3,5
Tromsø;SN91010;13.12.2024;-10,1
Tromsø;SN91010;14.12.2024;-9,2
Tromsø;SN91010;15.12.2024;-8,7
Tromsø;SN91010;16.12.2024;-10,8
Tromsø;SN91010;17.12.2024;-7,3
Tromsø;SN91010;18.12.2024;-19,4
Tromsø;SN91010;19.12.2024;-5,7
Tromsø;SN91010;20.12.2024;-6,7
Tromsø;SN91010;21.12.2024;-6
Tromsø;SN91010;22.12.2024;-8,4
Tromsø;SN91010;23.12.2024;-8,1
Tromsø;SN91010;24.12.2024;-11,3
Tromsø;SN91010;25.12.2024;2
Tromsø;SN91010;26.12.2024;1,7
Tromsø;SN91010;27.12.2024;1
Tromsø;SN91010;28.12.2024;1,6
Tromsø;SN91010;29.12.2024;1,3
Tromsø;SN91010;30.12.2024;0,7
Tromsø;SN91010;31.12.2024;-3,2
Tromsø;SN91010;01.01.2025;-7,8
Tromsø;SN91010;02.01.2025;-12,6
Tromsø;SN91010;03.01.2025;-7,6
Tromsø;SN91010;04.01.2025;-17,8
Tromsø;SN91010;05.01.2025;-18,3
Tromsø;SN91010;06.01.2025;-14,9
Tromsø;SN91010;07.01.2025;-15,8
Tromsø;SN91010;08.01.2025;-6,4
Tromsø;SN91010;09.01.2025;-11,5
Tromsø;SN91010;10.01.2025;-9,9
Tromsø;SN91010;11.01.2025;-4,3
Tromsø;SN91010;12.01.2025;-1,7
Tromsø;SN91010;13.01.2025;0,5
Tromsø;SN91010;14.01.2025;1,6
Tromsø;SN91010;15.01.2025;2,7
Tromsø;SN91010;16.01.2025;5
Tromsø;SN91010;17.01.2025;5,6
Tromsø;SN91010;18.01.2025;1,6
Tromsø;SN91010;19.01.2025;-2,4
Tromsø;SN91010;20.01.2025;-10,8
Tromsø;SN91010;21.01.2025;-14,1
Tromsø;SN91010;22.01.2025;-16,1
Tromsø;SN91010;29.01.2025;-2,1
Tromsø;SN91010;06.02.2025;4,3
Tromsø;SN91010;07.02.2025;6,8
Tromsø;SN91010;13.02.2025;-3,8
Tromsø;SN91010;14.02.2025;-6,4
Tromsø;SN91010;18.02.2025;-1,5
Tromsø;SN91010;20.02.2025;0,9
Tromsø;SN91010;21.02.2025;0,1
Tromsø;SN91010;22.02.2025;2,4
Tromsø;SN91010;23.02.2025;6,3
Tromsø;SN91010;27.02.2025;0,8
Tromsø;SN91010;28.02.2025;-0,4
Tromsø;SN91010;01.03.2025;-0,8
Tromsø;SN91010;03.03.2025;-0,6
Tromsø;SN91010;06.03.2025;0,4
Tromsø;SN91010;07.03.2025;0,9
Tromsø;SN91010;09.03.2025;-0,9
Tromsø;SN91010;10.03.2025;-3,1
Tromsø;SN91010;11.03.2025;-6
Tromsø;SN91010;12.03.2025;-10,4
Tromsø;SN91010;13.03.2025;-6,4
Tromsø;SN91010;14.03.2025;-8,3
Tromsø;SN91010;16.03.2025;-3,5
Tromsø;SN91010;17.03.2025;-4,4
Tromsø;SN91010;18.03.2025;-1,6
Tromsø;SN91010;20.03.2025;-4,1
Tromsø;SN91010;21.03.2025;-0,1
Tromsø;SN91010;22.03.2025;6,5
Tromsø;SN91010;23.03.2025;6,7
Tromsø;SN91010;24.03.2025;2,8
Tromsø;SN91010;05.04.2025;-1,2
Tromsø;SN91010;08.04.2025;1,1
Tromsø;SN91010;09.04.2025;-4,2
Tromsø;SN91010;10.04.2025;-6,6
Tromsø;SN91010;11.04.2025;-5,2
Tromsø;SN91010;14.04.2025;-0,3
Tromsø;SN91010;15.04.2025;1,7
Tromsø;SN91010;18.04.2025;2,3
Tromsø;SN91010;19.04.2025;1
Tromsø;SN91010;20.04.2025;-2,1
Tromsø;SN91010;21.04.2025;-2,9
Tromsø;SN91010;22.04.2025;-2,5
Tromsø;SN91010;23.04.2025;-0,5
Tromsø;SN91010;24.04.2025;-0,4
Tromsø;SN91010;25.04.2025;-2,2
Tromsø;SN91010;26.04.2025;-1,3
Tromsø;SN91010;27.04.2025;1,2
Tromsø;SN91010;28.04.2025;0,6
Tromsø;SN91010;29.04.2025;-0,7
Tromsø;SN91010;30.04.2025;0,5
Tromsø;SN91010;01.05.2025;4
Tromsø;SN91010;02.05.2025;4
Tromsø;SN91010;03.05.2025;0,6
Tromsø;SN91010;04.05.2025;1,2
Tromsø;SN91010;05.05.2025;2,4
Tromsø;SN91010;06.05.2025;1,9
Tromsø;SN91010;07.05.2025;2,3
Tromsø;SN91010;08.05.2025;3,4
Tromsø;SN91010;09.05.2025;5,4
Tromsø;SN91010;10.05.2025;6,9
Tromsø;SN91010;11.05.2025;8,6
Tromsø;SN91010;13.05.2025;4,3
Tromsø;SN91010;14.05.2025;5,4
Tromsø;SN91010;16.05.2025;5,5
Tromsø;SN91010;17.05.2025;4,6
Tromsø;SN91010;18.05.2025;6,5
Tromsø;SN91010;19.05.2025;6,7
Tromsø;SN91010;20.05.2025;3,1
Tromsø;SN91010;22.05.2025;4,9
Tromsø;SN91010;23.05.2025;6,9
Tromsø;SN91010;24.05.2025;10,2
Tromsø;SN91010;25.05.2025;12,3
Tromsø;SN91010;26.05.2025;10,5
Tromsø;SN91010;27.05.2025;8,4
Tromsø;SN91010;28.05.2025;11,5
Tromsø;SN91010;29.05.2025;9,4
Tromsø;SN91010;30.05.2025;10,6
Tromsø;SN91010;31.05.2025;7,5
Tromsø;SN91010;01.06.2025;8,1
Tromsø;SN91010;02.06.2025;11
Tromsø;SN91010;03.06.2025;8,5
Tromsø;SN91010;04.06.2025;11,6
Tromsø;SN91010;05.06.2025;12
Tromsø;SN91010;06.06.2025;11,5
Tromsø;SN91010;07.06.2025;11,3
Tromsø;SN91010;08.06.2025;8,3
Tromsø;SN91010;09.06.2025;7,9
Tromsø;SN91010;10.06.2025;8,8
Tromsø;SN91010;11.06.2025;9
Tromsø;SN91010;12.06.2025;8,2
Tromsø;SN91010;13.06.2025;10,7
Tromsø;SN91010;14.06.2025;11,7
Tromsø;SN91010;15.06.2025;7,7
Tromsø;SN91010;16.06.2025;12
Tromsø;SN91010;17.06.2025;9,8
Tromsø;SN91010;18.06.2025;8
Tromsø;SN91010;19.06.2025;6,6
Tromsø;SN91010;20.06.2025;7
Tromsø;SN91010;21.06.2025;8,9
Tromsø;SN91010;22.06.2025;8,7
Tromsø;SN91010;23.06.2025;12
Tromsø;SN91010;24.06.2025;13,7
Tromsø;SN91010;25.06.2025;12
Tromsø;SN91010;26.06.2025;9,1
Tromsø;SN91010;27.06.2025;11,4
Tromsø;SN91010;28.06.2025;14,3
Tromsø;SN91010;29.06.2025;14,3
Tromsø;SN91010;30.06.2025;13,4
Tromsø;SN91010;01.07.2025;15,5
Tromsø;SN91010;02.07.2025;12,6
Tromsø;SN91010;03.07.2025;11
Tromsø;SN91010;04.07.2025;10
Tromsø;SN91010;05.07.2025;12
Tromsø;SN91010;06.07.2025;13
Tromsø;SN91010;07.07.2025;11,2
Tromsø;SN91010;08.07.2025;10,2
Tromsø;SN91010;09.07.2025;12,2
Tromsø;SN91010;10.07.2025;14,3
Tromsø;SN91010;11.07.2025;16,9
Tromsø;SN91010;12.07.2025;15,6
Tromsø;SN91010;13.07.2025;18
Tromsø;SN91010;14.07.2025;17,7
Tromsø;SN91010;15.07.2025;14,3
Tromsø;SN91010;16.07.2025;15
Tromsø;SN91010;17.07.2025;17,3
Tromsø;SN91010;18.07.2025;20,8
Tromsø;SN91010;19.07.2025;14,2
Tromsø;SN91010;20.07.2025;17,1
Tromsø;SN91010;21.07.2025;13,6
Tromsø;SN91010;22.07.2025;14,2
Tromsø;SN91010;23.07.2025;12,9
Tromsø;SN91010;24.07.2025;14,7
Tromsø;SN91010;25.07.2025;15,4
Tromsø;SN91010;26.07.2025;15,7
Tromsø;SN91010;27.07.2025;15,8
Tromsø;SN91010;28.07.2025;14,8
Tromsø;SN91010;29.07.2025;13,2
Tromsø;SN91010;30.07.2025;12,8
Tromsø;SN91010;31.07.2025;16,6
Tromsø;SN91010;01.08.2025;18,5
Tromsø;SN91010;02.08.2025;17,6
Tromsø;SN91010;03.08.2025;16,9
Tromsø;SN91010;04.08.2025;21,4
Tromsø;SN91010;05.08.2025;22,4
Tromsø;SN91010;06.08.2025;18,2
Tromsø;SN91010;07.08.2025;12,9
Tromsø;SN91010;08.08.2025;15,6
Tromsø;SN91010;09.08.2025;15,7
Tromsø;SN91010;10.08.2025;16,6
Tromsø;SN91010;11.08.2025;13,1
Tromsø;SN91010;12.08.2025;11,4
Tromsø;SN91010;13.08.2025;12,8
Tromsø;SN91010;14.08.2025;15
Tromsø;SN91010;15.08.2025;13
Tromsø;SN91010;16.08.2025;11
Tromsø;SN91010;17.08.2025;10,6
Tromsø;SN91010;18.08.2025;10,7
Tromsø;SN91010;19.08.2025;8,6
Tromsø;SN91010;20.08.2025;8,1
Tromsø;SN91010;21.08.2025;8
Tromsø;SN91010;22.08.2025;8,6
Tromsø;SN91010;23.08.2025;9,1
Tromsø;SN91010;24.08.2025;9,7
Tromsø;SN91010;25.08.2025;9,4
Tromsø;SN91010;26.08.2025;8,8
Tromsø;SN91010;27.08.2025;9,5
Tromsø;SN91010;28.08.2025;8,9
Tromsø;SN91010;29.08.2025;8,2
Tromsø;SN91010;30.08.2025;11,3
Tromsø;SN91010;31.08.2025;8,9
Tromsø;SN91010;01.09.2025;8,9
